Unnamed: 0,rank,disr,diss,dior,dios,diar,tots,rank.1,disr.1,diss.1,dior.1,dios.1,diar.1,tots.1,label
0,466.4,0.0666666666666666,0.0,5.066666666666666,2.2666666666666666,0.3333333333333333,2.2666666666666666,177.63759254649418,0.2581988897471611,0.0,2.711527420547495,1.0327955589886444,0.7237468644557459,1.0327955589886444,0.0
1,452.6,0.0,0.0,2.6,1.4666666666666666,0.0,1.4666666666666666,163.0051708207004,0.0,0.0,1.804755622554715,0.5163977794943222,0.0,0.5163977794943222,0.0
2,447.0,0.0,0.0,2.0,1.0666666666666669,0.0,1.0666666666666669,158.27688216720543,0.0,0.0,1.5118578920369088,0.9611501047232548,0.0,0.9611501047232548,0.0
3,442.93333333333334,0.0,0.0,2.2,1.0666666666666669,0.0,1.0666666666666669,154.32269838910685,0.0,0.0,1.1464230084422218,0.5936168397046636,0.0,0.5936168397046636,0.0
4,441.06666666666666,0.0,0.0,0.3333333333333333,0.5333333333333333,0.0,0.5333333333333333,153.22880495085337,0.0,0.0,0.6172133998483675,0.5163977794943222,0.0,0.5163977794943222,0.0
5,439.73333333333335,0.0,0.0,0.6,0.4,0.0,0.4,152.94698739230188,0.0,0.0,1.0555973258234952,0.50709255283711,0.0,0.50709255283711,0.0
6,439.2,0.0,0.0,1.8666666666666667,0.8,0.0,0.8,153.9467440383199,0.0,0.0,1.0600988273786192,0.6761234037828133,0.0,0.6761234037828133,0.0
7,437.6,0.0,0.0,1.3333333333333333,0.7333333333333333,0.0,0.7333333333333333,153.55910914042187,0.0,0.0,1.1751393027860062,0.5936168397046637,0.0,0.5936168397046637,0.0
8,437.06666666666666,0.0,0.0,0.5333333333333333,0.3333333333333333,0.0,0.3333333333333333,153.19943428964308,0.0,0.0,0.9154754164341268,0.6172133998483675,0.0,0.6172133998483675,0.0
9,436.8666666666667,0.0,0.0,0.2666666666666666,0.3333333333333333,0.0,0.3333333333333333,153.27140571392894,0.0,0.0,0.5936168397046636,0.6172133998483675,0.0,0.6172133998483675,0.0
10,436.8666666666667,0.0,0.0,0.0,0.0,0.0,0.0,153.27140571392894,0.0,0.0,0.0,0.0,0.0,0.0,0.0
11,436.8666666666667,0.0,0.0,0.0666666666666666,0.0666666666666666,0.0,0.0666666666666666,153.27140571392894,0.0,0.0,0.2581988897471611,0.2581988897471611,0.0,0.2581988897471611,0.0
12,436.8666666666667,0.0,0.0,0.7333333333333333,0.2666666666666666,0.0,0.2666666666666666,153.27140571392894,0.0,0.0,0.7037315505489967,0.4577377082170635,0.0,0.4577377082170635,0.0
13,436.8666666666667,0.0,0.0,0.3333333333333333,0.2666666666666666,0.0,0.2666666666666666,153.27140571392894,0.0,0.0,0.4879500364742666,0.4577377082170635,0.0,0.4577377082170635,0.0
14,435.8666666666667,0.0,0.0,1.5333333333333334,1.0,0.0,1.0,152.7242457440705,0.0,0.0,1.3020130933435716,0.6546536707079771,0.0,0.6546536707079771,0.0
15,436.2,0.0,0.0,1.3333333333333333,0.6666666666666666,0.0,0.6666666666666666,152.30852147626447,0.0,0.0,0.9759000729485332,0.4879500364742666,0.0,0.4879500364742666,0.0
16,411.7857142857143,0.0,0.0,1.0,0.7142857142857143,0.0,0.7142857142857143,125.50462974692245,0.0,0.0,0.7844645405527362,0.6112498455021267,0.0,0.6112498455021267,0.0
17,459.0,0.0,0.0,0.125,0.1875,0.0,0.1875,170.35922829910527,0.0,0.0,0.3415650255319866,0.4031128874149275,0.0,0.4031128874149275,0.0
18,438.3333333333333,0.0,0.0,0.2666666666666666,0.2666666666666666,0.0,0.2666666666666666,153.52927439168758,0.0,0.0,0.4577377082170635,0.4577377082170635,0.0,0.4577377082170635,0.0
19,413.5,0.0,0.0,0.1428571428571428,0.1428571428571428,0.0,0.1428571428571428,126.71333485773796,0.0,0.0,0.3631365196012815,0.3631365196012815,0.0,0.3631365196012815,0.0
20,437.26666666666665,0.0,0.0,0.0666666666666666,0.0,0.0,0.0,152.96239811828016,0.0,0.0,0.2581988897471611,0.0,0.0,0.0,0.0
21,436.6,0.0,0.0,0.0,0.0666666666666666,0.0,0.0666666666666666,152.82660576146887,0.0,0.0,0.0,0.2581988897471611,0.0,0.2581988897471611,0.0
22,436.8666666666667,0.0,0.0,0.0,0.0,0.0,0.0,152.55952780409856,0.0,0.0,0.0,0.0,0.0,0.0,0.0
23,435.8666666666667,0.0,0.0,0.0,0.0,0.0,0.0,152.7242457440705,0.0,0.0,0.0,0.0,0.0,0.0,0.0
24,456.9375,0.0,0.0,0.0,0.0,0.0,0.0,169.92173443480775,0.0,0.0,0.0,0.0,0.0,0.0,0.0
25,435.8666666666667,0.0,0.0,0.4,0.3333333333333333,0.0,0.3333333333333333,152.7242457440705,0.0,0.0,0.828078671210825,0.4879500364742666,0.0,0.4879500364742666,0.0
26,411.7857142857143,0.0,0.0,0.2857142857142857,0.2857142857142857,0.0,0.2857142857142857,125.50462974692245,0.0,0.0,0.4688072309384954,0.4688072309384954,0.0,0.4688072309384954,0.0
27,456.9375,0.0,0.0,0.6875,0.25,0.8125,0.875,169.92173443480775,0.0,0.0,0.704154339142587,0.5773502691896257,2.2276669409945464,0.7187952884282609,0.0
28,412.2142857142857,0.0,0.0,0.4285714285714285,0.4285714285714285,0.5714285714285714,0.7857142857142857,125.88283842918786,0.0,0.0,0.646206172658864,0.5135525910130955,1.157868447043679,0.8017837257372732,0.0
29,435.73333333333335,0.0,0.0,0.7333333333333333,0.6666666666666666,0.0,0.6666666666666666,152.52937265920136,0.0,0.0,0.7037315505489968,0.6172133998483675,0.0,0.6172133998483675,0.0
30,456.8125,0.0,0.0,0.75,0.4375,0.0,0.4375,169.7748386343905,0.0,0.0,0.8563488385776752,0.6291528696058958,0.0,0.6291528696058958,0.0
31,437.93333333333334,0.0,0.0,0.8,0.6666666666666666,0.0,0.6666666666666666,152.51860151969598,0.0,0.0,1.01418510567422,0.6172133998483675,0.0,0.6172133998483675,0.0
32,436.6666666666667,0.0,0.0,1.0,0.5333333333333333,0.0,0.5333333333333333,152.69000653362386,0.0,0.0,1.0,0.7432233529572065,0.0,0.7432233529572065,0.0
33,412.1428571428572,0.0,0.0,0.7142857142857143,0.3571428571428571,0.0,0.3571428571428571,125.50136814630112,0.0,0.0,0.8254203058555569,0.633323693776651,0.0,0.633323693776651,0.0
34,457.9375,0.0,0.0,0.25,0.1875,0.0,0.1875,169.58752656568427,0.0,0.0,0.4472135954999579,0.4031128874149275,0.0,0.4031128874149275,0.0
35,433.3125,0.0,0.0,0.0625,0.0,0.0,0.0,148.5295565423484,0.0,0.0,0.25,0.0,0.0,0.0,0.0
36,435.8666666666667,0.0,0.0,0.0,0.0666666666666666,0.0,0.0666666666666666,152.36088111860633,0.0,0.0,0.0,0.2581988897471611,0.0,0.2581988897471611,0.0
37,414.61538461538464,0.0,0.0,0.0769230769230769,0.0769230769230769,0.0,0.0769230769230769,129.30747494604896,0.0,0.0,0.2773500981126146,0.2773500981126146,0.0,0.2773500981126146,0.0
38,436.06666666666666,0.0,0.0,0.0,0.0,0.0,0.0,151.63370651798022,0.0,0.0,0.0,0.0,0.0,0.0,0.0
39,435.8666666666667,0.0,0.0,0.0,0.0,0.0,0.0,151.88005919459073,0.0,0.0,0.0,0.0,0.0,0.0,0.0
40,437.53333333333336,0.0,0.0,0.0666666666666666,0.0666666666666666,0.0,0.0666666666666666,153.0867478946247,0.0,0.0,0.2581988897471611,0.2581988897471611,0.0,0.2581988897471611,0.0
41,437.06666666666666,0.0,0.0,0.2666666666666666,0.4,0.0,0.4,152.9857447451824,0.0,0.0,0.5936168397046636,0.50709255283711,0.0,0.50709255283711,0.0
42,436.3333333333333,0.0,0.0,0.3333333333333333,0.2666666666666666,0.0,0.2666666666666666,152.62496831246503,0.0,0.0,0.4879500364742666,0.4577377082170635,0.0,0.4577377082170635,0.0
43,436.2,0.0,0.0,0.3333333333333333,0.2666666666666666,0.0,0.2666666666666666,151.47144945500455,0.0,0.0,0.7237468644557458,0.4577377082170635,0.0,0.4577377082170635,0.0
44,435.8666666666667,0.0,0.0,1.2666666666666666,0.7333333333333333,0.0,0.7333333333333333,151.88005919459073,0.0,0.0,0.8837151016885368,0.7037315505489967,0.0,0.7037315505489967,0.0
45,469.93333333333334,0.0,0.0,0.8,0.4666666666666667,0.0,0.4666666666666667,166.24485670525988,0.0,0.0,1.1464230084422218,0.5163977794943222,0.0,0.5163977794943222,0.0
46,411.6428571428572,0.0,0.0,0.9285714285714286,0.6428571428571429,0.0,0.6428571428571429,125.2195654058884,0.0,0.0,0.9168747682531898,0.4972451580988469,0.0,0.4972451580988469,0.0
47,424.375,0.0,0.0,0.4375,0.3125,0.0,0.3125,153.75472892456563,0.0,0.0,0.7274384280931732,0.478713553878169,0.0,0.478713553878169,0.0
48,456.5625,0.0,0.0,0.5625,0.5,0.0,0.5,169.27885032297056,0.0,0.0,0.6291528696058958,0.6324555320336759,0.0,0.6324555320336759,0.0
49,436.2,0.0,0.0,0.4666666666666667,0.2,0.0,0.2,151.66513866315583,0.0,0.0,0.6399404734221844,0.4140393356054126,0.0,0.4140393356054126,0.0
50,411.5,0.0,0.0,0.5714285714285714,0.2857142857142857,0.0,0.2857142857142857,124.77841899204304,0.0,0.0,0.646206172658864,0.4688072309384954,0.0,0.4688072309384954,0.0
51,435.8666666666667,0.0,0.0,0.1333333333333333,0.0666666666666666,0.0,0.0666666666666666,153.03494776715297,0.0,0.0,0.3518657752744984,0.2581988897471611,0.0,0.2581988897471611,0.0
52,435.6666666666667,0.0,0.0,0.0,0.0,0.0,0.0,152.55709313783697,0.0,0.0,0.0,0.0,0.0,0.0,0.0
53,435.46666666666664,0.0,0.0,0.0,0.0,0.0,0.0,152.08168231328224,0.0,0.0,0.0,0.0,0.0,0.0,0.0
54,435.73333333333335,0.0,0.0,0.0,0.0,0.0,0.0,152.2364076347173,0.0,0.0,0.0,0.0,0.0,0.0,0.0
55,437.2,0.0,0.0,0.0666666666666666,0.1333333333333333,0.2666666666666666,0.2,152.27006084116283,0.0,0.0,0.2581988897471611,0.3518657752744984,1.0327955589886446,0.4140393356054126,0.0
56,436.4,0.0,0.0,0.4666666666666667,0.4,1.0,1.2666666666666666,152.17320958133766,0.0,0.0,0.6399404734221845,0.50709255283711,1.4638501094227998,0.5936168397046636,0.0
57,436.6666666666667,0.0,0.0,0.1333333333333333,0.1333333333333333,0.1333333333333333,0.2,153.7301284099912,0.0,0.0,0.3518657752744983,0.3518657752744984,0.5163977794943223,0.4140393356054125,0.0
58,436.2,0.0,0.0,0.2,0.2666666666666666,0.0,0.2666666666666666,152.97628200849587,0.0,0.0,0.4140393356054125,0.4577377082170635,0.0,0.4577377082170635,0.0
59,432.6875,0.0,0.0,0.625,0.5625,0.0,0.5625,147.97960163481994,0.0,0.0,0.6191391873668903,0.51234753829798,0.0,0.51234753829798,0.0
60,435.6666666666667,0.0,0.0,0.4666666666666667,0.6,0.0,0.6,152.19145210963097,0.0,0.0,0.6399404734221845,0.50709255283711,0.0,0.50709255283711,0.0
61,436.1333333333333,0.0,0.0,0.8666666666666667,0.4,0.0,0.4,151.5075984264564,0.0,0.0,0.9154754164341268,0.6324555320336759,0.0,0.6324555320336759,0.0
62,435.73333333333335,0.0,0.0,0.6,0.4666666666666667,0.0,0.4666666666666667,151.27244422217942,0.0,0.0,0.828078671210825,0.6399404734221844,0.0,0.6399404734221844,0.0
63,435.53333333333336,0.0,0.0,0.8,0.4,0.0,0.4,151.3363645595309,0.0,0.0,0.6761234037828133,0.5070925528371101,0.0,0.5070925528371101,0.0
64,435.4,0.0,0.0,0.5333333333333333,0.3333333333333333,0.0,0.3333333333333333,151.38116508620593,0.0,0.0,0.5163977794943222,0.4879500364742666,0.0,0.4879500364742666,0.0
65,435.6666666666667,0.0,0.0,0.8,0.2,0.0,0.2,152.1369996636803,0.0,0.0,1.01418510567422,0.4140393356054125,0.0,0.4140393356054125,0.0
66,435.2,0.0,0.0,0.1333333333333333,0.1333333333333333,0.0,0.1333333333333333,151.45164244735017,0.0,0.0,0.3518657752744983,0.3518657752744984,0.0,0.3518657752744984,0.0
67,435.8666666666667,0.0,0.0,0.1333333333333333,0.0,0.0,0.0,150.62624826592034,0.0,0.0,0.3518657752744983,0.0,0.0,0.0,0.0
68,436.0,0.0,0.0,0.2,0.0,0.0,0.0,151.9172707194845,0.0,0.0,0.4140393356054126,0.0,0.0,0.0,0.0
69,435.8,0.0,0.0,0.0666666666666666,0.0666666666666666,0.0,0.0666666666666666,151.795068619316,0.0,0.0,0.2581988897471611,0.2581988897471611,0.0,0.2581988897471611,0.0
70,436.06666666666666,0.0,0.0,0.2,0.2666666666666666,0.0,0.2666666666666666,152.35975596624996,0.0,0.0,0.4140393356054126,0.4577377082170635,0.0,0.4577377082170635,0.0
71,435.53333333333336,0.0,0.0,0.3333333333333333,0.4,0.0,0.4,151.75585028340126,0.0,0.0,0.6172133998483676,0.50709255283711,0.0,0.50709255283711,0.0
72,436.0,0.0,0.0,0.1333333333333333,0.1333333333333333,0.0,0.1333333333333333,151.9172707194845,0.0,0.0,0.3518657752744983,0.3518657752744983,0.0,0.3518657752744983,0.0
73,436.26666666666665,0.0,0.0,0.3333333333333333,0.3333333333333333,0.0,0.3333333333333333,152.05659973776056,0.0,0.0,0.4879500364742666,0.4879500364742666,0.0,0.4879500364742666,0.0
74,437.06666666666666,0.0,0.0,0.4666666666666667,0.4,0.0,0.4,151.98518098188137,0.0,0.0,0.6399404734221844,0.50709255283711,0.0,0.50709255283711,0.0
75,436.1333333333333,0.0,0.0,0.4666666666666667,0.5333333333333333,0.0,0.5333333333333333,151.92426057868752,0.0,0.0,0.7432233529572067,0.5163977794943222,0.0,0.5163977794943222,0.0
76,435.8666666666667,0.0,0.0,0.5333333333333333,0.4666666666666667,0.0,0.4666666666666667,151.64472892100076,0.0,0.0,0.7432233529572067,0.5163977794943222,0.0,0.5163977794943222,0.0
77,436.1333333333333,0.0,0.0,0.4,0.2666666666666666,0.0,0.2666666666666666,151.79350008042724,0.0,0.0,0.8280786712108251,0.4577377082170635,0.0,0.4577377082170635,0.0
78,436.06666666666666,0.0,0.0,0.4666666666666667,0.2666666666666666,0.0,0.2666666666666666,150.5022385531983,0.0,0.0,0.6399404734221844,0.4577377082170635,0.0,0.4577377082170635,0.0
79,440.53333333333336,0.0,0.0,0.6666666666666666,0.4666666666666667,0.0,0.4666666666666667,152.7616568695293,0.0,0.0,0.816496580927726,0.7432233529572065,0.0,0.7432233529572065,0.0
80,437.73333333333335,0.0,0.0,0.3333333333333333,0.1333333333333333,0.0,0.1333333333333333,152.99274803852944,0.0,0.0,0.6172133998483676,0.3518657752744983,0.0,0.3518657752744983,0.0
81,436.8666666666667,0.0,0.0,0.0,0.0,0.0,0.0,152.2647443794931,0.0,0.0,0.0,0.0,0.0,0.0,0.0
82,436.4,0.0,0.0,0.1333333333333333,0.0,0.0,0.0,151.6423423717795,0.0,0.0,0.3518657752744983,0.0,0.0,0.0,0.0
83,435.8,0.0,0.0,0.2666666666666666,0.1333333333333333,0.0666666666666666,0.1333333333333333,151.3086722092104,0.0,0.0,0.4577377082170635,0.3518657752744983,0.2581988897471611,0.3518657752744983,0.0
84,438.26666666666665,0.0,0.0,0.6,0.2,0.6666666666666666,0.7333333333333333,150.34458832327567,0.0,0.0,0.7367883976130073,0.4140393356054126,1.7994708216848745,0.7037315505489968,0.0
85,438.73333333333335,0.0,0.0,0.6,0.2,0.6666666666666666,0.6666666666666666,150.77251865294411,0.0,0.0,0.6324555320336759,0.4140393356054126,1.345185418269098,0.6172133998483675,0.0
86,437.73333333333335,0.0,0.0,0.7333333333333333,0.6,0.0,0.6,151.308326022759,0.0,0.0,0.7037315505489968,0.5070925528371101,0.0,0.5070925528371101,0.0
87,438.1333333333333,0.0,0.0,0.1333333333333333,0.1333333333333333,0.0,0.1333333333333333,151.46421862542164,0.0,0.0,0.3518657752744984,0.3518657752744984,0.0,0.3518657752744984,0.0
88,437.93333333333334,0.0,0.0,0.4,0.4666666666666667,0.0,0.4666666666666667,151.5144814703799,0.0,0.0,0.50709255283711,0.5163977794943222,0.0,0.5163977794943222,0.0
89,437.6666666666667,0.0,0.0,0.2666666666666666,0.3333333333333333,0.0,0.3333333333333333,151.587629850887,0.0,0.0,0.4577377082170635,0.4879500364742666,0.0,0.4879500364742666,0.0
90,435.0,0.0,0.0,0.6875,0.5625,0.0,0.5625,146.85185278595114,0.0,0.0,0.873212459828649,0.51234753829798,0.0,0.51234753829798,0.0
91,437.93333333333334,0.0,0.0,0.3333333333333333,0.3333333333333333,0.0,0.3333333333333333,151.50788129743646,0.0,0.0,0.6172133998483675,0.4879500364742666,0.0,0.4879500364742666,0.0
92,437.8,0.0,0.0,0.2666666666666666,0.2666666666666666,0.0,0.2666666666666666,151.5454670104935,0.0,0.0,0.5936168397046636,0.4577377082170635,0.0,0.4577377082170635,0.0
93,437.46666666666664,0.0,0.0,0.3333333333333333,0.3333333333333333,0.0,0.3333333333333333,151.64708403143828,0.0,0.0,0.4879500364742666,0.4879500364742666,0.0,0.4879500364742666,0.0
94,438.06666666666666,0.0,0.0,0.1333333333333333,0.1333333333333333,0.0,0.1333333333333333,151.98048120290534,0.0,0.0,0.3518657752744983,0.3518657752744983,0.0,0.3518657752744983,0.0
95,438.93333333333334,0.0,0.0,0.5333333333333333,0.2,0.0,0.2,153.561279841849,0.0,0.0,0.7432233529572067,0.4140393356054125,0.0,0.4140393356054125,0.0
96,437.73333333333335,0.0,0.0,0.4,0.2,0.0,0.2,153.36765661389657,0.0,0.0,0.632455532033676,0.4140393356054126,0.0,0.4140393356054126,0.0
97,441.92857142857144,0.0,0.0,0.4285714285714285,0.2142857142857142,0.0,0.2142857142857142,158.62411509638088,0.0,0.0,0.646206172658864,0.42581531362632,0.0,0.42581531362632,0.0
98,435.1875,0.0,0.0,0.25,0.0625,0.0,0.0625,148.9698934908214,0.0,0.0,0.5773502691896257,0.25,0.0,0.25,0.0
99,437.3333333333333,0.0,0.0,0.4,0.0,0.0,0.0,153.15149673568635,0.0,0.0,0.50709255283711,0.0,0.0,0.0,0.0
100,437.1333333333333,0.0,0.0,0.1333333333333333,0.2,0.0,0.2,153.03354752036125,0.0,0.0,0.3518657752744984,0.4140393356054125,0.0,0.4140393356054125,0.0
101,437.46666666666664,0.0,0.0,0.6,0.4,0.0,0.4,154.158483695313,0.0,0.0,0.6324555320336759,0.632455532033676,0.0,0.632455532033676,0.0
102,437.73333333333335,0.0,0.0,0.6,0.3333333333333333,0.0,0.3333333333333333,151.6855142658495,0.0,0.0,0.828078671210825,0.4879500364742666,0.0,0.4879500364742666,0.0
103,438.26666666666665,0.0,0.0,0.6666666666666666,0.6,0.0,0.6,152.49705695833077,0.0,0.0,0.8997354108424375,0.7367883976130074,0.0,0.7367883976130074,0.0
104,437.3333333333333,0.0,0.0,0.5333333333333333,0.5333333333333333,0.0,0.5333333333333333,153.24847548375558,0.0,0.0,0.6399404734221844,0.6399404734221844,0.0,0.6399404734221844,0.0
105,431.2142857142857,0.0,0.0,0.6428571428571429,0.4285714285714285,0.0,0.4285714285714285,157.9991132260551,0.0,0.0,0.9287827316640652,0.5135525910130955,0.0,0.5135525910130955,0.0
106,436.4,0.0,0.0,0.3333333333333333,0.4,0.0,0.4,153.56376060590785,0.0,0.0,0.7237468644557459,0.50709255283711,0.0,0.50709255283711,0.0
107,442.6875,0.0,0.0,0.375,0.375,0.0,0.375,149.2491066416591,0.0,0.0,0.6191391873668903,0.5,0.0,0.5,0.0
108,437.0,0.0,0.0,0.2,0.2,0.0,0.2,153.05881222588917,0.0,0.0,0.4140393356054126,0.4140393356054126,0.0,0.4140393356054126,0.0
109,431.2142857142857,0.0,0.0,0.1428571428571428,0.0714285714285714,0.0,0.0714285714285714,157.37470159875346,0.0,0.0,0.3631365196012815,0.2672612419124243,0.0,0.2672612419124243,0.0
110,441.1875,0.0,0.0,0.0625,0.0625,0.0,0.0625,149.35917280167294,0.0,0.0,0.25,0.25,0.0,0.25,0.0
111,436.26666666666665,0.0,0.0,0.0,0.0666666666666666,0.0,0.0666666666666666,153.49242264530133,0.0,0.0,0.0,0.2581988897471611,0.0,0.2581988897471611,0.0
112,436.26666666666665,0.0,0.0,0.2666666666666666,0.1333333333333333,0.4,0.3333333333333333,153.49242264530133,0.0,0.0,0.4577377082170635,0.3518657752744984,1.0555973258234952,0.4879500364742666,0.0
113,436.26666666666665,0.0,0.0,0.4666666666666667,0.0666666666666666,0.9333333333333332,0.6,153.49242264530133,0.0,0.0,0.6399404734221844,0.2581988897471611,1.579632265825846,0.6324555320336759,0.0
114,436.8,0.0,0.0,0.8,0.2,0.0666666666666666,0.4666666666666667,153.7879802102325,0.0,0.0,0.8618916073713347,0.4140393356054126,0.2581988897471611,0.5163977794943222,0.0
115,436.93333333333334,0.0,0.0,0.4666666666666667,0.3333333333333333,0.0,0.3333333333333333,153.393735514975,0.0,0.0,0.5163977794943222,0.4879500364742666,0.0,0.4879500364742666,0.0
116,437.0,0.0,0.0,0.2666666666666666,0.2,0.0,0.2,153.4177303964571,0.0,0.0,0.4577377082170635,0.4140393356054126,0.0,0.4140393356054126,0.0
117,436.3333333333333,0.0,0.0,0.3333333333333333,0.3333333333333333,0.0,0.3333333333333333,153.04792277801965,0.0,0.0,0.6172133998483676,0.4879500364742666,0.0,0.4879500364742666,0.0
118,437.2,0.0,0.0,0.6,0.5333333333333333,0.0,0.5333333333333333,152.44212016368704,0.0,0.0,0.6324555320336759,0.5163977794943222,0.0,0.5163977794943222,0.0
119,436.2,0.0,0.0,0.6666666666666666,0.6666666666666666,0.0,0.6666666666666666,151.13863078076935,0.0,0.0,0.6172133998483675,0.4879500364742666,0.0,0.4879500364742666,0.0
120,430.3571428571428,0.0,0.0,1.1428571428571428,0.5714285714285714,0.0,0.5714285714285714,155.42973042150302,0.0,0.0,0.8644378215075663,0.7559289460184546,0.0,0.7559289460184546,0.0
121,441.0,0.0,0.0,0.5,0.5,0.0,0.5,146.83323874382123,0.0,0.0,0.6324555320336759,0.5163977794943222,0.0,0.5163977794943222,0.0
122,430.2857142857143,0.0,0.0,0.3571428571428571,0.2857142857142857,0.0,0.2857142857142857,155.75741916959728,0.0,0.0,0.633323693776651,0.4688072309384954,0.0,0.4688072309384954,0.0
123,441.125,0.0,0.0,0.1875,0.25,0.0,0.25,148.125566102997,0.0,0.0,0.4031128874149275,0.4472135954999579,0.0,0.4472135954999579,0.0
124,435.6,0.0,0.0,0.1333333333333333,0.0666666666666666,0.0,0.0666666666666666,151.6767238946984,0.0,0.0,0.3518657752744983,0.2581988897471611,0.0,0.2581988897471611,0.0
125,436.0,0.0,0.0,0.0,0.0666666666666666,0.0,0.0666666666666666,151.36191255209673,0.0,0.0,0.0,0.2581988897471611,0.0,0.2581988897471611,0.0
126,435.3333333333333,0.0,0.0,0.0666666666666666,0.0666666666666666,0.0,0.0666666666666666,151.40374908863794,0.0,0.0,0.2581988897471611,0.2581988897471611,0.0,0.2581988897471611,0.0
127,435.46666666666664,0.0,0.0,0.0,0.0,0.0,0.0,151.5999748712129,0.0,0.0,0.0,0.0,0.0,0.0,0.0
128,435.2,0.0,0.0,0.0,0.0,0.0,0.0,151.45164244735017,0.0,0.0,0.0,0.0,0.0,0.0,0.0
129,435.2,0.0,0.0,0.0,0.0,0.0,0.0,151.45164244735017,0.0,0.0,0.0,0.0,0.0,0.0,0.0
130,435.2,0.0,0.0,0.0666666666666666,0.2666666666666666,0.0,0.2666666666666666,151.45164244735017,0.0,0.0,0.2581988897471611,0.4577377082170635,0.0,0.4577377082170635,0.0
131,435.46666666666664,0.0,0.0,0.8,0.2666666666666666,0.0,0.2666666666666666,151.3585462529603,0.0,0.0,0.7745966692414834,0.4577377082170635,0.0,0.4577377082170635,0.0
132,435.2,0.0,0.0,0.4,0.4,0.0,0.4,151.45164244735017,0.0,0.0,0.632455532033676,0.632455532033676,0.0,0.632455532033676,0.0
133,435.6666666666667,0.0,0.0,0.6666666666666666,0.5333333333333333,0.0,0.5333333333333333,151.71574297569342,0.0,0.0,0.7237468644557459,0.7432233529572067,0.0,0.7432233529572067,0.0
134,435.4,0.0,0.0,1.2666666666666666,0.8,0.0,0.8,151.56224558152428,0.0,0.0,1.1629191512658792,0.5606119105813882,0.0,0.5606119105813882,0.0
135,429.7857142857143,0.0,0.0,1.2142857142857142,0.7142857142857143,0.0,0.7142857142857143,155.6555262659918,0.0,0.0,0.892582375303981,0.7262730392025629,0.0,0.7262730392025629,0.0
136,436.0,0.0,0.0,0.6666666666666666,0.4,0.0,0.4,151.9172707194845,0.0,0.0,0.7237468644557459,0.50709255283711,0.0,0.50709255283711,0.0
137,435.8,0.0,0.0,0.5333333333333333,0.3333333333333333,0.0,0.3333333333333333,151.795068619316,0.0,0.0,0.6399404734221844,0.6172133998483675,0.0,0.6172133998483675,0.0
138,435.53333333333336,0.0,0.0,0.4,0.4,0.0,0.4,151.6381344171835,0.0,0.0,0.6324555320336759,0.50709255283711,0.0,0.50709255283711,0.0
139,435.4,0.0,0.0,0.2,0.1333333333333333,0.0,0.1333333333333333,151.56224558152428,0.0,0.0,0.5606119105813882,0.3518657752744983,0.0,0.3518657752744983,0.0
140,435.2,0.0,0.0,0.0666666666666666,0.0666666666666666,0.1333333333333333,0.1333333333333333,151.45164244735017,0.0,0.0,0.2581988897471611,0.2581988897471611,0.5163977794943223,0.3518657752744983,0.0
141,435.2,0.0,0.0,0.0,0.0,0.6,0.3333333333333333,151.45164244735017,0.0,0.0,0.0,0.0,1.2421180068162374,0.4879500364742666,0.0
142,436.0,0.0,0.0,0.0,0.0,0.6666666666666666,0.5333333333333333,151.9172707194845,0.0,0.0,0.0,0.0,0.8997354108424374,0.5163977794943222,0.0
143,436.26666666666665,0.0,0.0,0.0,0.0,0.0,0.0666666666666666,151.34042358049555,0.0,0.0,0.0,0.0,0.0,0.2581988897471611,0.0
144,435.8,0.0,0.0,0.0,0.0,0.0,0.0,151.25201297361772,0.0,0.0,0.0,0.0,0.0,0.0,0.0
145,435.6666666666667,0.0,0.0,0.1333333333333333,0.2666666666666666,0.0,0.2666666666666666,151.29331335742063,0.0,0.0,0.3518657752744983,0.4577377082170635,0.0,0.4577377082170635,0.0
146,435.46666666666664,0.0,0.0,0.4,0.2,0.0,0.2,151.3585462529603,0.0,0.0,0.50709255283711,0.4140393356054126,0.0,0.4140393356054126,0.0
147,435.26666666666665,0.0,0.0,0.3333333333333333,0.2,0.0,0.2,151.42771338481072,0.0,0.0,0.6172133998483675,0.4140393356054126,0.0,0.4140393356054126,0.0
148,435.2,0.0,0.0,0.3333333333333333,0.4666666666666667,0.0,0.4666666666666667,151.45164244735017,0.0,0.0,0.4879500364742666,0.5163977794943222,0.0,0.5163977794943222,0.0
149,435.2,0.0,0.0,1.0666666666666669,0.4666666666666667,0.0,0.4666666666666667,151.45164244735017,0.0,0.0,0.7988086367179803,0.5163977794943222,0.0,0.5163977794943222,0.0
150,438.8666666666667,0.0,0.0,0.8,0.6,0.0,0.6,151.55049449260264,0.0,0.0,1.082325538564332,0.7367883976130074,0.0,0.7367883976130074,0.0
151,437.46666666666664,0.0,0.0,0.7333333333333333,0.5333333333333333,0.0,0.5333333333333333,151.52221273589214,0.0,0.0,0.7988086367179803,0.6399404734221844,0.0,0.6399404734221844,0.0
152,439.1333333333333,0.0,0.0,1.1333333333333333,0.7333333333333333,0.0,0.7333333333333333,149.78120550926783,0.0,0.0,0.990430401872025,0.7988086367179803,0.0,0.7988086367179803,0.0
153,438.93333333333334,0.0,0.0,0.5333333333333333,0.3333333333333333,0.0,0.3333333333333333,151.16616527453994,0.0,0.0,0.6399404734221845,0.4879500364742666,0.0,0.4879500364742666,0.0
154,437.6666666666667,0.0,0.0,0.1333333333333333,0.1333333333333333,0.0,0.1333333333333333,151.08543782843375,0.0,0.0,0.3518657752744983,0.3518657752744983,0.0,0.3518657752744983,0.0
155,437.6,0.0,0.0,0.3333333333333333,0.0666666666666666,0.0,0.0666666666666666,152.47660242054937,0.0,0.0,0.4879500364742666,0.2581988897471611,0.0,0.2581988897471611,0.0
156,436.8,0.0,0.0,0.1333333333333333,0.1333333333333333,0.0,0.1333333333333333,152.20859746695368,0.0,0.0,0.3518657752744984,0.3518657752744983,0.0,0.3518657752744983,0.0
157,436.8,0.0,0.0,0.0666666666666666,0.0666666666666666,0.0,0.0666666666666666,150.7354352120676,0.0,0.0,0.2581988897471611,0.2581988897471611,0.0,0.2581988897471611,0.0
158,436.06666666666666,0.0,0.0,0.0,0.0,0.0,0.0,151.03143791308892,0.0,0.0,0.0,0.0,0.0,0.0,0.0
159,435.6,0.0,0.0,0.0,0.0666666666666666,0.0,0.0666666666666666,151.25182407400675,0.0,0.0,0.0,0.2581988897471611,0.0,0.2581988897471611,0.0
160,435.2,0.0,0.0,0.1333333333333333,0.0666666666666666,0.0,0.0666666666666666,151.45164244735017,0.0,0.0,0.3518657752744983,0.2581988897471611,0.0,0.2581988897471611,0.0
161,435.2,0.0,0.0,0.2,0.2,0.0,0.2,151.45164244735017,0.0,0.0,0.4140393356054126,0.4140393356054126,0.0,0.4140393356054126,0.0
162,440.0,0.0,0.0,0.25,0.3125,0.0,0.3125,147.5705481004481,0.0,0.0,0.4472135954999579,0.478713553878169,0.0,0.478713553878169,0.0
163,435.2,0.0,0.0,0.3333333333333333,0.1333333333333333,0.0,0.1333333333333333,151.45164244735017,0.0,0.0,0.4879500364742666,0.3518657752744983,0.0,0.3518657752744983,0.0
164,435.2,0.0,0.0,0.6,0.6666666666666666,0.0,0.6666666666666666,151.45164244735017,0.0,0.0,0.6324555320336759,0.6172133998483676,0.0,0.6172133998483676,0.0
165,429.7142857142857,0.0,0.0,1.0,0.7142857142857143,0.0,0.7142857142857143,155.61462684436862,0.0,0.0,0.8770580193070292,0.726273039202563,0.0,0.726273039202563,0.0
166,435.2,0.0,0.0,0.8,0.5333333333333333,0.0,0.5333333333333333,151.45164244735017,0.0,0.0,0.7745966692414834,0.6399404734221844,0.0,0.6399404734221844,0.0
167,435.2,0.0,0.0,0.6,0.4666666666666667,0.0,0.4666666666666667,151.45164244735017,0.0,0.0,0.9102589898327994,0.5163977794943222,0.0,0.5163977794943222,0.0
168,435.2,0.0,0.0,0.6,0.2,0.0,0.2,151.45164244735017,0.0,0.0,1.121223821162776,0.4140393356054126,0.0,0.4140393356054126,0.0
169,437.3333333333333,0.0,0.0,0.6,0.2,0.4666666666666667,0.4,151.10623825009753,0.0,0.0,0.7367883976130074,0.4140393356054126,1.355763710273747,0.50709255283711,0.0
170,442.2,0.0,0.0,0.2,0.2,0.6666666666666666,0.6666666666666666,154.12434682980586,0.0,0.0,0.4140393356054125,0.4140393356054125,1.1751393027860062,0.6172133998483676,0.0
171,438.8,0.0,0.0,0.0666666666666666,0.0666666666666666,0.2666666666666666,0.4,153.7169011992036,0.0,0.0,0.2581988897471611,0.2581988897471611,0.4577377082170635,0.632455532033676,0.0
172,437.73333333333335,0.0,0.0,0.2,0.0666666666666666,0.0,0.0666666666666666,153.04689601867912,0.0,0.0,0.4140393356054126,0.2581988897471611,0.0,0.2581988897471611,0.0
173,437.1333333333333,0.0,0.0,0.4,0.1333333333333333,0.0,0.1333333333333333,152.63535757141062,0.0,0.0,0.50709255283711,0.3518657752744983,0.0,0.3518657752744983,0.0
174,441.3125,0.0,0.0,0.0,0.0,0.0,0.0,148.32788847684714,0.0,0.0,0.0,0.0,0.0,0.0,0.0
175,436.06666666666666,0.0,0.0,0.2,0.1333333333333333,0.0,0.1333333333333333,151.9588603474481,0.0,0.0,0.4140393356054125,0.3518657752744983,0.0,0.3518657752744983,0.0
176,437.93333333333334,0.0,0.0,0.0666666666666666,0.2,0.0,0.2,153.78392386103053,0.0,0.0,0.2581988897471611,0.4140393356054125,0.0,0.4140393356054125,0.0
177,436.93333333333334,0.0,0.0,0.3333333333333333,0.2,0.0,0.2,153.91670598395868,0.0,0.0,0.4879500364742666,0.4140393356054126,0.0,0.4140393356054126,0.0
178,436.2,0.0,0.0,0.4666666666666667,0.4666666666666667,0.0,0.4666666666666667,152.60930508982733,0.0,0.0,0.6399404734221844,0.5163977794943222,0.0,0.5163977794943222,0.0
179,435.53333333333336,0.0,0.0,0.6,0.7333333333333333,0.0,0.7333333333333333,152.1178427905093,0.0,0.0,0.6324555320336759,0.5936168397046636,0.0,0.5936168397046636,0.0
180,435.26666666666665,0.0,0.0,0.4,0.2,0.0,0.2,151.6087382831528,0.0,0.0,0.50709255283711,0.4140393356054126,0.0,0.4140393356054126,0.0
181,435.2,0.0,0.0,0.2,0.4,0.0,0.4,151.45164244735017,0.0,0.0,0.4140393356054126,0.50709255283711,0.0,0.50709255283711,0.0
182,435.2,0.0,0.0,0.9333333333333332,0.5333333333333333,0.0,0.5333333333333333,151.45164244735017,0.0,0.0,1.1629191512658792,0.6399404734221844,0.0,0.6399404734221844,0.0
183,435.2,0.0,0.0,0.5333333333333333,0.2666666666666666,0.0,0.2666666666666666,151.45164244735017,0.0,0.0,0.7432233529572067,0.4577377082170635,0.0,0.4577377082170635,0.0
184,435.2,0.0,0.0,0.3333333333333333,0.2666666666666666,0.0,0.2666666666666666,151.45164244735017,0.0,0.0,0.6172133998483675,0.4577377082170635,0.0,0.4577377082170635,0.0
185,435.2,0.0,0.0,0.2666666666666666,0.0666666666666666,0.0,0.0666666666666666,151.45164244735017,0.0,0.0,0.4577377082170635,0.2581988897471611,0.0,0.2581988897471611,0.0
186,436.0,0.0,0.0,0.4,0.1333333333333333,0.0,0.1333333333333333,152.63775979188674,0.0,0.0,0.50709255283711,0.3518657752744984,0.0,0.3518657752744984,0.0
187,435.53333333333336,0.0,0.0,0.1333333333333333,0.1333333333333333,0.0,0.1333333333333333,151.93930492454012,0.0,0.0,0.5163977794943223,0.3518657752744983,0.0,0.3518657752744983,0.0
188,435.26666666666665,0.0,0.0,0.4,0.2,0.0,0.2,151.5484206764419,0.0,0.0,0.50709255283711,0.4140393356054126,0.0,0.4140393356054126,0.0
189,435.26666666666665,0.0,0.0,0.4,0.1333333333333333,0.0,0.1333333333333333,151.6087382831528,0.0,0.0,0.50709255283711,0.3518657752744984,0.0,0.3518657752744984,0.0
190,435.26666666666665,0.0,0.0,0.6666666666666666,0.3333333333333333,0.0,0.3333333333333333,151.6087382831528,0.0,0.0,0.816496580927726,0.4879500364742666,0.0,0.4879500364742666,0.0
191,437.3333333333333,0.0,0.0,0.2666666666666666,0.2666666666666666,0.0,0.2666666666666666,151.64793186224216,0.0,0.0,0.4577377082170635,0.4577377082170635,0.0,0.4577377082170635,0.0
192,436.4,0.0,0.0,0.2666666666666666,0.2,0.0,0.2,151.77040931241223,0.0,0.0,0.5936168397046635,0.4140393356054126,0.0,0.4140393356054126,0.0
193,435.8666666666667,0.0,0.0,0.0,0.2666666666666666,0.0,0.2666666666666666,151.76243967213392,0.0,0.0,0.0,0.4577377082170635,0.0,0.4577377082170635,0.0
194,436.93333333333334,0.0,0.0,0.7333333333333333,0.4666666666666667,0.0,0.4666666666666667,151.1141794739833,0.0,0.0,0.4577377082170634,0.5163977794943222,0.0,0.5163977794943222,0.0
195,436.4,0.0,0.0,0.6,0.6666666666666666,0.0,0.6666666666666666,151.1667952957924,0.0,0.0,0.7367883976130073,0.4879500364742666,0.0,0.4879500364742666,0.0
196,437.26666666666665,0.0,0.0,0.4,0.4666666666666667,0.0,0.4666666666666667,152.43099922197428,0.0,0.0,0.632455532033676,0.5163977794943222,0.0,0.5163977794943222,0.0
197,436.26666666666665,0.0,0.0,0.4,0.2666666666666666,0.2666666666666666,0.3333333333333333,151.79942907226848,0.0,0.0,0.6324555320336759,0.4577377082170635,0.7988086367179804,0.4879500364742666,0.0
198,435.4,0.0,0.0,0.0666666666666666,0.1333333333333333,0.6,0.4666666666666667,151.44060599078813,0.0,0.0,0.2581988897471611,0.3518657752744983,1.121223821162776,0.5163977794943222,0.0
199,435.26666666666665,0.0,0.0,0.2666666666666666,0.1333333333333333,0.4666666666666667,0.6,151.6087382831528,0.0,0.0,0.4577377082170635,0.3518657752744983,0.7432233529572067,0.7367883976130073,0.0
200,435.26666666666665,0.0,0.0,0.2666666666666666,0.0,0.0666666666666666,0.1333333333333333,151.6087382831528,0.0,0.0,0.4577377082170635,0.0,0.2581988897471611,0.3518657752744983,0.0
201,435.26666666666665,0.0,0.0,0.3333333333333333,0.2,0.0,0.2,151.6087382831528,0.0,0.0,0.4879500364742666,0.4140393356054126,0.0,0.4140393356054126,0.0
202,435.26666666666665,0.0,0.0,0.2666666666666666,0.0666666666666666,0.0,0.0666666666666666,151.6087382831528,0.0,0.0,0.5936168397046636,0.2581988897471611,0.0,0.2581988897471611,0.0
203,435.26666666666665,0.0,0.0,0.4,0.2,0.0,0.2,151.6087382831528,0.0,0.0,0.50709255283711,0.4140393356054126,0.0,0.4140393356054126,0.0
204,435.26666666666665,0.0,0.0,0.3333333333333333,0.0666666666666666,0.0,0.0666666666666666,151.6087382831528,0.0,0.0,0.4879500364742666,0.2581988897471611,0.0,0.2581988897471611,0.0
205,435.26666666666665,0.0,0.0,0.6,0.1333333333333333,0.0,0.1333333333333333,151.6087382831528,0.0,0.0,0.6324555320336759,0.3518657752744983,0.0,0.3518657752744983,0.0
206,435.26666666666665,0.0,0.0,0.6,0.6,0.0,0.6,151.6087382831528,0.0,0.0,0.7367883976130073,0.6324555320336759,0.0,0.6324555320336759,0.0
207,436.3333333333333,0.0,0.0,0.6,0.3333333333333333,0.0,0.3333333333333333,151.97916523874798,0.0,0.0,0.828078671210825,0.4879500364742666,0.0,0.4879500364742666,0.0
208,435.4,0.0,0.0,0.4,0.4666666666666667,0.0,0.4666666666666667,151.68190399648864,0.0,0.0,0.632455532033676,0.5163977794943222,0.0,0.5163977794943222,0.0
209,435.2,0.0,0.0,0.7333333333333333,0.7333333333333333,0.0,0.7333333333333333,151.45164244735017,0.0,0.0,0.5936168397046637,0.4577377082170634,0.0,0.4577377082170634,0.0
210,435.2,0.0,0.0,0.6666666666666666,0.5333333333333333,0.0,0.5333333333333333,151.45164244735017,0.0,0.0,0.7237468644557459,0.5163977794943222,0.0,0.5163977794943222,0.0
211,435.2,0.0,0.0,0.3333333333333333,0.3333333333333333,0.0,0.3333333333333333,151.45164244735017,0.0,0.0,0.6172133998483675,0.4879500364742666,0.0,0.4879500364742666,0.0
212,436.6666666666667,0.0,0.0,0.2666666666666666,0.2666666666666666,0.0,0.2666666666666666,152.29607755321618,0.0,0.0,0.4577377082170635,0.4577377082170635,0.0,0.4577377082170635,0.0
213,435.8,0.0,0.0,0.2,0.2666666666666666,0.0,0.2666666666666666,151.78659831675333,0.0,0.0,0.5606119105813882,0.4577377082170635,0.0,0.4577377082170635,0.0
214,435.53333333333336,0.0,0.0,0.2,0.2,0.0,0.2,151.63813441718352,0.0,0.0,0.4140393356054126,0.4140393356054126,0.0,0.4140393356054126,0.0
215,436.73333333333335,0.0,0.0,0.0666666666666666,0.0666666666666666,0.0,0.0666666666666666,151.6605545602541,0.0,0.0,0.2581988897471611,0.2581988897471611,0.0,0.2581988897471611,0.0
216,435.93333333333334,0.0,0.0,0.0,0.0,0.0,0.0,151.6841015619853,0.0,0.0,0.0,0.0,0.0,0.0,0.0
217,435.53333333333336,0.0,0.0,0.0666666666666666,0.0666666666666666,0.0,0.0666666666666666,151.6381344171835,0.0,0.0,0.2581988897471611,0.2581988897471611,0.0,0.2581988897471611,0.0
218,435.3333333333333,0.0,0.0,0.1333333333333333,0.0,0.0,0.0,151.5249468695156,0.0,0.0,0.3518657752744983,0.0,0.0,0.0,0.0
219,435.2,0.0,0.0,0.3333333333333333,0.1333333333333333,0.0,0.1333333333333333,151.45164244735017,0.0,0.0,0.4879500364742666,0.3518657752744983,0.0,0.3518657752744983,0.0
220,435.2,0.0,0.0,0.9333333333333332,0.4,0.0,0.4,151.45164244735017,0.0,0.0,0.7988086367179803,0.632455532033676,0.0,0.632455532033676,0.0
221,435.2,0.0,0.0,0.4,0.4666666666666667,0.0,0.4666666666666667,151.45164244735017,0.0,0.0,0.632455532033676,0.5163977794943222,0.0,0.5163977794943222,0.0
222,435.2,0.0,0.0,0.2,0.0666666666666666,0.0,0.0666666666666666,151.45164244735017,0.0,0.0,0.4140393356054126,0.2581988897471611,0.0,0.2581988897471611,0.0
223,435.4,0.0,0.0,0.9333333333333332,0.4666666666666667,0.0,0.4666666666666667,151.38116508620593,0.0,0.0,0.8837151016885367,0.6399404734221844,0.0,0.6399404734221844,0.0
224,435.2,0.0,0.0,0.9333333333333332,0.6666666666666666,0.0,0.6666666666666666,151.45164244735017,0.0,0.0,1.0327955589886444,0.6172133998483676,0.0,0.6172133998483676,0.0
225,435.2,0.0,0.0,0.6666666666666666,0.7333333333333333,0.0,0.7333333333333333,151.45164244735017,0.0,0.0,0.7237468644557459,0.7037315505489968,0.0,0.7037315505489968,0.0
226,435.2,0.0,0.0,0.7333333333333333,0.4666666666666667,0.4666666666666667,0.8,151.45164244735017,0.0,0.0,0.9611501047232548,0.5163977794943222,1.0600988273786194,0.7745966692414834,0.0
227,435.2,0.0,0.0,0.4,0.3333333333333333,0.7333333333333333,0.6666666666666666,151.45164244735017,0.0,0.0,0.7367883976130074,0.4879500364742666,1.2227992865708153,0.7237468644557459,0.0
228,437.6666666666667,0.0,0.0,0.2,0.1333333333333333,0.2,0.4666666666666667,151.70444322839754,0.0,0.0,0.4140393356054126,0.3518657752744983,0.4140393356054126,0.5163977794943222,0.0
229,436.93333333333334,0.0,0.0,0.0666666666666666,0.1333333333333333,0.0,0.1333333333333333,150.49132232536897,0.0,0.0,0.2581988897471611,0.3518657752744983,0.0,0.3518657752744983,0.0
230,436.1333333333333,0.0,0.0,0.0666666666666666,0.0,0.0,0.0,150.76323285520374,0.0,0.0,0.2581988897471611,0.0,0.0,0.0,0.0
231,435.26666666666665,0.0,0.0,0.0,0.0666666666666666,0.0,0.0666666666666666,151.4277133848107,0.0,0.0,0.0,0.2581988897471611,0.0,0.2581988897471611,0.0
232,435.2,0.0,0.0,0.0,0.0,0.0,0.0,151.45164244735017,0.0,0.0,0.0,0.0,0.0,0.0,0.0
233,435.2,0.0,0.0,0.0,0.0,0.0,0.0,151.45164244735017,0.0,0.0,0.0,0.0,0.0,0.0,0.0
234,435.2,0.0,0.0,0.0,0.0,0.0,0.0,151.45164244735017,0.0,0.0,0.0,0.0,0.0,0.0,0.0
235,435.2,0.0,0.0,0.6,0.2666666666666666,0.0,0.2666666666666666,151.45164244735017,0.0,0.0,0.7367883976130074,0.4577377082170635,0.0,0.4577377082170635,0.0
236,436.46666666666664,0.0,0.0,0.8666666666666667,0.5333333333333333,0.0,0.5333333333333333,152.21735712304235,0.0,0.0,0.7432233529572065,0.5163977794943222,0.0,0.5163977794943222,0.0
237,436.2,0.0,0.0,0.4,0.4,0.0,0.4,152.0433208943143,0.0,0.0,0.7367883976130074,0.50709255283711,0.0,0.50709255283711,0.0
238,436.26666666666665,0.0,0.0,0.5333333333333333,0.1333333333333333,0.0,0.1333333333333333,151.5144814703799,0.0,0.0,0.833809387832792,0.3518657752744984,0.0,0.3518657752744984,0.0
239,431.42857142857144,0.0,0.0,0.4285714285714285,0.6428571428571429,0.0,0.6428571428571429,157.7464929688012,0.0,0.0,0.646206172658864,0.6333236937766509,0.0,0.6333236937766509,0.0
240,435.93333333333334,0.0,0.0,1.3333333333333333,0.7333333333333333,0.0,0.7333333333333333,152.34100220354648,0.0,0.0,0.7237468644557459,0.7037315505489967,0.0,0.7037315505489967,0.0
241,435.6,0.0,0.0,0.7333333333333333,0.6,0.0,0.6,152.03420667731325,0.0,0.0,0.8837151016885368,0.6324555320336759,0.0,0.6324555320336759,0.0
242,435.93333333333334,0.0,0.0,0.6666666666666666,0.3333333333333333,0.0,0.3333333333333333,151.38902897911095,0.0,0.0,0.7237468644557459,0.4879500364742666,0.0,0.4879500364742666,0.0
243,435.6666666666667,0.0,0.0,0.4,0.4,0.0,0.4,151.29331335742063,0.0,0.0,0.632455532033676,0.50709255283711,0.0,0.50709255283711,0.0
244,435.53333333333336,0.0,0.0,0.1333333333333333,0.1333333333333333,0.0,0.1333333333333333,151.3363645595309,0.0,0.0,0.3518657752744983,0.3518657752744984,0.0,0.3518657752744984,0.0
245,440.4375,0.0,0.0,0.0625,0.0625,0.0,0.0625,147.68839663291087,0.0,0.0,0.25,0.25,0.0,0.25,0.0
246,429.7142857142857,0.0,0.0,0.0,0.0,0.0,0.0,155.61462684436862,0.0,0.0,0.0,0.0,0.0,0.0,0.0
247,440.75,0.0,0.0,0.0,0.0,0.0,0.0,147.2972052235434,0.0,0.0,0.0,0.0,0.0,0.0,0.0
248,436.26666666666665,0.0,0.0,0.0,0.0,0.0,0.0,151.6351196913483,0.0,0.0,0.0,0.0,0.0,0.0,0.0
249,435.4,0.0,0.0,0.0,0.0,0.0,0.0,151.56224558152428,0.0,0.0,0.0,0.0,0.0,0.0,0.0
250,435.2,0.0,0.0,0.2,0.2,0.0,0.2,151.45164244735017,0.0,0.0,0.5606119105813882,0.4140393356054126,0.0,0.4140393356054126,0.0
251,435.2,0.0,0.0,0.3333333333333333,0.3333333333333333,0.0,0.3333333333333333,151.45164244735017,0.0,0.0,0.4879500364742666,0.4879500364742666,0.0,0.4879500364742666,0.0
252,436.6666666666667,0.0,0.0,0.3333333333333333,0.2,0.0,0.2,151.02633009165118,0.0,0.0,0.6172133998483675,0.4140393356054126,0.0,0.4140393356054126,0.0
253,436.2,0.0,0.0,0.6666666666666666,0.3333333333333333,0.0,0.3333333333333333,151.13863078076935,0.0,0.0,0.7237468644557459,0.4879500364742666,0.0,0.4879500364742666,0.0
254,435.93333333333334,0.0,0.0,0.6,0.7333333333333333,0.0666666666666666,0.8,151.2124648427157,0.0,0.0,0.6324555320336759,0.5936168397046637,0.2581988897471611,0.5606119105813882,0.0
255,438.06666666666666,0.0,0.0,0.8666666666666667,0.6666666666666666,0.5333333333333333,1.1333333333333333,150.05449803638805,0.0,0.0,0.9154754164341268,0.6172133998483676,1.125462867742275,0.6399404734221844,0.0
256,436.93333333333334,0.0,0.0,0.7333333333333333,0.6,0.8,1.0,150.75735787145166,0.0,0.0,0.5936168397046636,0.6324555320336759,1.2071217242444348,0.8451542547285166,0.0
257,437.73333333333335,0.0,0.0,0.6666666666666666,0.4,0.0,0.4666666666666667,151.57622630528965,0.0,0.0,0.7237468644557459,0.50709255283711,0.0,0.6399404734221844,0.0
258,437.73333333333335,0.0,0.0,0.9333333333333332,0.4,0.0,0.4,152.28707227126137,0.0,0.0,0.7988086367179803,0.632455532033676,0.0,0.632455532033676,0.0
259,430.8571428571428,0.0,0.0,0.5714285714285714,0.2857142857142857,0.0,0.2857142857142857,155.84600739825845,0.0,0.0,0.646206172658864,0.6112498455021267,0.0,0.6112498455021267,0.0
260,436.46666666666664,0.0,0.0,0.2666666666666666,0.1333333333333333,0.0,0.1333333333333333,151.9844290270114,0.0,0.0,0.5936168397046635,0.3518657752744984,0.0,0.3518657752744984,0.0
261,436.26666666666665,0.0,0.0,0.0666666666666666,0.0,0.0,0.0,152.05612998714216,0.0,0.0,0.2581988897471611,0.0,0.0,0.0,0.0
262,436.6,0.0,0.0,0.0,0.0,0.0,0.0,151.63763196703988,0.0,0.0,0.0,0.0,0.0,0.0,0.0
263,437.0,0.0,0.0,0.0,0.0,0.0,0.0,151.14373480706558,0.0,0.0,0.0,0.0,0.0,0.0,0.0
264,437.26666666666665,0.0,0.0,0.0,0.0,0.0,0.0,152.6379781736917,0.0,0.0,0.0,0.0,0.0,0.0,0.0
265,436.4,0.0,0.0,0.2,0.2,0.0,0.2,152.12814147478247,0.0,0.0,0.4140393356054126,0.4140393356054126,0.0,0.4140393356054126,0.0
266,436.26666666666665,0.0,0.0,0.2666666666666666,0.2666666666666666,0.0,0.2666666666666666,152.05612998714216,0.0,0.0,0.4577377082170635,0.4577377082170635,0.0,0.4577377082170635,0.0
267,437.06666666666666,0.0,0.0,0.2,0.2,0.0,0.2,152.55887232085036,0.0,0.0,0.4140393356054126,0.4140393356054126,0.0,0.4140393356054126,0.0
268,437.4,0.0,0.0,0.4666666666666667,0.4,0.0,0.4,151.63763196703988,0.0,0.0,0.7432233529572067,0.50709255283711,0.0,0.50709255283711,0.0
269,442.0625,0.0,0.0,0.5,0.75,0.0,0.75,148.235159459556,0.0,0.0,0.6324555320336759,0.5773502691896257,0.0,0.5773502691896257,0.0
270,430.5,0.0,0.0,0.7142857142857143,0.3571428571428571,0.0,0.3571428571428571,156.0891017730184,0.0,0.0,0.9944903161976936,0.4972451580988468,0.0,0.4972451580988468,0.0
271,442.25,0.0,0.0,1.0,0.75,0.0,0.75,148.55548907170456,0.0,0.0,0.7302967433402214,0.7745966692414834,0.0,0.7745966692414834,0.0
272,436.26666666666665,0.0,0.0,0.6,0.3333333333333333,0.0,0.3333333333333333,152.0467346700005,0.0,0.0,0.9102589898327994,0.6172133998483675,0.0,0.6172133998483675,0.0
273,436.0,0.0,0.0,0.3333333333333333,0.2666666666666666,0.0,0.2666666666666666,151.90034327056105,0.0,0.0,0.4879500364742666,0.4577377082170635,0.0,0.4577377082170635,0.0
274,436.0,0.0,0.0,0.7333333333333333,0.4,0.0,0.4,151.90034327056105,0.0,0.0,0.8837151016885368,0.632455532033676,0.0,0.632455532033676,1.0
275,436.0,0.0,0.0,0.5333333333333333,0.3333333333333333,0.0,0.3333333333333333,151.90034327056105,0.0,0.0,0.7432233529572067,0.4879500364742666,0.0,0.4879500364742666,1.0
276,436.0,0.0,0.0,0.6666666666666666,0.0,0.0,0.0,151.90034327056105,0.0,0.0,0.6172133998483676,0.0,0.0,0.0,1.0
277,436.0,0.0,0.0,0.1333333333333333,0.1333333333333333,0.0,0.1333333333333333,151.90034327056105,0.0,0.0,0.3518657752744983,0.3518657752744983,0.0,0.3518657752744983,1.0
278,436.0,0.0,0.0,0.0,0.0,0.0,0.0,151.90034327056105,0.0,0.0,0.0,0.0,0.0,0.0,1.0
279,437.0,0.0,0.0,0.0,0.0,0.0,0.0,150.6751472539516,0.0,0.0,0.0,0.0,0.0,0.0,1.0
280,436.53333333333336,0.0,0.0,0.2,0.1333333333333333,0.0,0.1333333333333333,151.23579823132704,0.0,0.0,0.4140393356054126,0.3518657752744984,0.0,0.3518657752744984,1.0
281,436.2,0.0,0.0,0.1333333333333333,0.3333333333333333,0.0,0.3333333333333333,151.64818307045894,0.0,0.0,0.3518657752744984,0.4879500364742666,0.0,0.4879500364742666,1.0
282,436.0,0.0,0.0,0.3333333333333333,0.1333333333333333,0.0,0.1333333333333333,151.90034327056105,0.0,0.0,0.4879500364742666,0.3518657752744983,0.0,0.3518657752744983,1.0
283,436.0,0.0,0.0,0.2,0.2666666666666666,0.2666666666666666,0.4666666666666667,151.90034327056105,0.0,0.0,0.4140393356054125,0.4577377082170635,0.7988086367179803,0.5163977794943222,1.0
284,436.46666666666664,0.0,0.0,0.6666666666666666,0.6,0.6,1.0,151.7398462908835,0.0,0.0,0.816496580927726,0.50709255283711,1.2421180068162374,0.6546536707079771,1.0
285,436.26666666666665,0.0,0.0,0.5333333333333333,0.6,0.5333333333333333,1.0,151.8060165693925,0.0,0.0,0.5163977794943222,0.6324555320336759,0.7432233529572067,1.0,1.0
286,439.6666666666667,0.0,0.0,0.4666666666666667,0.4,0.0,0.4,153.29414613120505,0.0,0.0,0.6399404734221845,0.50709255283711,0.0,0.50709255283711,1.0
287,437.73333333333335,0.0,0.0,0.2666666666666666,0.4,0.0,0.4,152.56214970892853,0.0,0.0,0.4577377082170635,0.632455532033676,0.0,0.632455532033676,1.0
288,430.92857142857144,0.0,0.0,0.5,0.2142857142857142,0.0,0.2142857142857142,155.88282793161036,0.0,0.0,0.7595545253127499,0.4258153136263201,0.0,0.4258153136263201,1.0
289,441.5,0.0,0.0,0.25,0.125,0.0,0.125,148.13957382594745,0.0,0.0,0.5773502691896257,0.3415650255319866,0.0,0.3415650255319866,1.0
290,430.2142857142857,0.0,0.0,0.2142857142857142,0.0714285714285714,0.0,0.0714285714285714,155.84419170412508,0.0,0.0,0.4258153136263202,0.2672612419124243,0.0,0.2672612419124243,1.0
291,435.6,0.0,0.0,0.4666666666666667,0.2,0.0,0.2,151.6767238946984,0.0,0.0,0.6399404734221844,0.4140393356054125,0.0,0.4140393356054125,1.0
292,435.2,0.0,0.0,0.6,0.2666666666666666,0.0,0.2666666666666666,151.45164244735017,0.0,0.0,0.50709255283711,0.4577377082170635,0.0,0.4577377082170635,1.0
293,435.2,0.0,0.0,0.6,0.1333333333333333,0.0,0.1333333333333333,151.45164244735017,0.0,0.0,0.50709255283711,0.3518657752744983,0.0,0.3518657752744983,1.0
294,435.2,0.0,0.0,0.2666666666666666,0.1333333333333333,0.0,0.1333333333333333,151.45164244735017,0.0,0.0,0.4577377082170635,0.3518657752744983,0.0,0.3518657752744983,1.0
295,435.2,0.0,0.0,0.4666666666666667,0.2,0.0,0.2,151.45164244735017,0.0,0.0,0.9154754164341268,0.5606119105813882,0.0,0.5606119105813882,1.0
296,436.3333333333333,0.0,0.0,0.4,0.5333333333333333,0.0,0.5333333333333333,152.12948745191036,0.0,0.0,0.50709255283711,0.5163977794943222,0.0,0.5163977794943222,1.0
297,435.46666666666664,0.0,0.0,0.4,0.2666666666666666,0.0,0.2666666666666666,151.5999748712129,0.0,0.0,0.50709255283711,0.4577377082170635,0.0,0.4577377082170635,1.0
298,435.2,0.0,0.0,0.2,0.2,0.0,0.2,151.45164244735017,0.0,0.0,0.5606119105813882,0.4140393356054126,0.0,0.4140393356054126,1.0
299,435.2,0.0,0.0,0.7333333333333333,0.6,0.0,0.6,151.45164244735017,0.0,0.0,0.7988086367179803,0.50709255283711,0.0,0.50709255283711,1.0
300,435.2,0.0,0.0,0.5333333333333333,0.7333333333333333,0.0,0.7333333333333333,151.45164244735017,0.0,0.0,0.5163977794943222,0.5936168397046636,0.0,0.5936168397046636,1.0
301,435.2,0.0,0.0,0.4,0.4,0.0,0.4,151.45164244735017,0.0,0.0,0.7367883976130074,0.50709255283711,0.0,0.50709255283711,1.0
302,435.2,0.0,0.0,0.3333333333333333,0.2666666666666666,0.0,0.2666666666666666,151.45164244735017,0.0,0.0,0.6172133998483676,0.4577377082170635,0.0,0.4577377082170635,1.0
303,435.2,0.0,0.0,0.1333333333333333,0.1333333333333333,0.0,0.1333333333333333,151.45164244735017,0.0,0.0,0.3518657752744983,0.3518657752744983,0.0,0.3518657752744983,1.0
304,437.2,0.0,0.0,0.2,0.1333333333333333,0.0,0.1333333333333333,149.7856563798512,0.0,0.0,0.4140393356054126,0.3518657752744983,0.0,0.3518657752744983,1.0
305,435.8,0.0,0.0,0.2666666666666666,0.0,0.0,0.0,150.82165437552868,0.0,0.0,0.4577377082170635,0.0,0.0,0.0,1.0
306,435.3333333333333,0.0,0.0,0.5333333333333333,0.2,0.0,0.2,151.2833985163827,0.0,0.0,0.6399404734221845,0.4140393356054125,0.0,0.4140393356054125,1.0
307,435.2,0.0,0.0,0.2666666666666666,0.0666666666666666,0.0,0.0666666666666666,151.45164244735017,0.0,0.0,0.4577377082170635,0.2581988897471611,0.0,0.2581988897471611,1.0
308,435.2,0.0,0.0,0.4,0.1333333333333333,0.0,0.1333333333333333,151.45164244735017,0.0,0.0,0.632455532033676,0.3518657752744984,0.0,0.3518657752744984,1.0
309,435.6,0.0,0.0,0.2666666666666666,0.1333333333333333,0.0,0.1333333333333333,151.3146201981629,0.0,0.0,0.4577377082170635,0.3518657752744983,0.0,0.3518657752744983,1.0
310,435.2,0.0,0.0,0.3333333333333333,0.4,0.0,0.4,151.45164244735017,0.0,0.0,0.4879500364742666,0.50709255283711,0.0,0.50709255283711,1.0
311,435.6,0.0,0.0,0.4,0.2666666666666666,0.0,0.3333333333333333,150.9516478876597,0.0,0.0,0.632455532033676,0.4577377082170635,0.0,0.4879500364742666,1.0
312,436.06666666666666,0.0,0.0,0.6,0.3333333333333333,0.7333333333333333,0.6666666666666666,150.61040879731797,0.0,0.0,0.7367883976130073,0.6172133998483676,1.6242214252050848,0.7237468644557459,1.0
313,435.6666666666667,0.0,0.0,1.1333333333333333,0.6,0.3333333333333333,0.8666666666666667,151.10434742099187,0.0,0.0,1.0600988273786192,0.6324555320336759,0.7237468644557458,0.7432233529572065,1.0
314,435.46666666666664,0.0,0.0,0.4666666666666667,0.4666666666666667,0.3333333333333333,0.8,151.3566585758225,0.0,0.0,0.6399404734221845,0.5163977794943222,0.4879500364742666,0.7745966692414833,1.0
315,435.46666666666664,0.0,0.0,0.4,0.7333333333333333,0.0,0.7333333333333333,151.3566585758225,0.0,0.0,0.828078671210825,0.5936168397046637,0.0,0.5936168397046637,1.0
316,435.6666666666667,0.0,0.0,0.4,0.2666666666666666,0.0,0.2666666666666666,151.4669538058982,0.0,0.0,0.828078671210825,0.4577377082170635,0.0,0.4577377082170635,1.0
317,435.46666666666664,0.0,0.0,0.2,0.2666666666666666,0.0,0.2666666666666666,151.3566585758225,0.0,0.0,0.5606119105813882,0.4577377082170635,0.0,0.4577377082170635,1.0
318,435.46666666666664,0.0,0.0,0.2666666666666666,0.2,0.0,0.2,151.3566585758225,0.0,0.0,0.4577377082170635,0.4140393356054126,0.0,0.4140393356054126,1.0
319,435.46666666666664,0.0,0.0,0.1333333333333333,0.0666666666666666,0.0,0.0666666666666666,151.3566585758225,0.0,0.0,0.3518657752744983,0.2581988897471611,0.0,0.2581988897471611,1.0
320,436.1333333333333,0.0,0.0,0.0666666666666666,0.0666666666666666,0.0,0.0666666666666666,150.52947820783746,0.0,0.0,0.2581988897471611,0.2581988897471611,0.0,0.2581988897471611,1.0
321,441.3125,0.0,0.0,0.0,0.0625,0.0,0.0625,147.12476281487537,0.0,0.0,0.0,0.25,0.0,0.25,1.0
322,436.73333333333335,0.0,0.0,0.0,0.0,0.0,0.0,151.8841036856094,0.0,0.0,0.0,0.0,0.0,0.0,1.0
323,435.93333333333334,0.0,0.0,0.0666666666666666,0.0,0.0,0.0,151.43243031920525,0.0,0.0,0.2581988897471611,0.0,0.0,0.0,1.0
324,435.53333333333336,0.0,0.0,0.2666666666666666,0.0666666666666666,0.0,0.0666666666666666,151.39299222631837,0.0,0.0,0.4577377082170635,0.2581988897471611,0.0,0.2581988897471611,1.0
325,435.8,0.0,0.0,0.7333333333333333,0.6,0.0,0.6,151.25201297361772,0.0,0.0,0.7037315505489968,0.6324555320336759,0.0,0.6324555320336759,1.0
326,435.2,0.0,0.0,0.3333333333333333,0.1333333333333333,0.0,0.1333333333333333,151.45164244735017,0.0,0.0,0.6172133998483675,0.3518657752744984,0.0,0.3518657752744984,1.0
327,435.2,0.0,0.0,0.1333333333333333,0.1333333333333333,0.0,0.1333333333333333,151.45164244735017,0.0,0.0,0.3518657752744984,0.3518657752744984,0.0,0.3518657752744984,1.0
328,435.2,0.0,0.0,0.4666666666666667,0.2666666666666666,0.0,0.2666666666666666,151.45164244735017,0.0,0.0,0.6399404734221845,0.4577377082170635,0.0,0.4577377082170635,1.0
329,436.6666666666667,0.0,0.0,1.1333333333333333,0.8666666666666667,0.0,0.8666666666666667,150.96956489242964,0.0,0.0,0.9154754164341268,0.7432233529572065,0.0,0.7432233529572065,1.0
330,437.53333333333336,0.0,0.0,1.9333333333333331,1.0,0.0,1.0,152.63816535784727,0.0,0.0,1.3870146083619754,0.9258200997725514,0.0,0.9258200997725514,1.0
331,436.6,0.0,0.0,0.4,0.4666666666666667,0.0,0.4666666666666667,152.71439262324202,0.0,0.0,0.632455532033676,0.5163977794943222,0.0,0.5163977794943222,1.0
332,436.46666666666664,0.0,0.0,0.1333333333333333,0.0666666666666666,0.0,0.0666666666666666,151.79585288268237,0.0,0.0,0.3518657752744983,0.2581988897471611,0.0,0.2581988897471611,1.0
333,435.53333333333336,0.0,0.0,0.2,0.2666666666666666,0.0,0.2666666666666666,151.87629678066793,0.0,0.0,0.5606119105813882,0.4577377082170635,0.0,0.4577377082170635,1.0
334,435.26666666666665,0.0,0.0,0.1333333333333333,0.2,0.0,0.2,151.42771338481072,0.0,0.0,0.3518657752744983,0.4140393356054126,0.0,0.4140393356054126,1.0
335,435.2,0.0,0.0,0.1333333333333333,0.0666666666666666,0.0,0.0666666666666666,151.45164244735017,0.0,0.0,0.3518657752744983,0.2581988897471611,0.0,0.2581988897471611,1.0
336,435.2,0.0,0.0,0.0666666666666666,0.0666666666666666,0.0,0.0666666666666666,151.45164244735017,0.0,0.0,0.2581988897471611,0.2581988897471611,0.0,0.2581988897471611,1.0
337,436.1333333333333,0.0,0.0,0.0,0.0,0.0,0.0,150.83238884208367,0.0,0.0,0.0,0.0,0.0,0.0,1.0
338,436.46666666666664,0.0,0.0,0.0,0.0,0.0,0.0,152.1751184217271,0.0,0.0,0.0,0.0,0.0,0.0,1.0
339,430.6428571428572,0.0,0.0,0.0,0.0,0.0,0.0,156.16047325297592,0.0,0.0,0.0,0.0,0.0,0.0,1.0
340,440.8125,0.0,0.0,0.3125,0.25,0.0625,0.3125,148.00325165346877,0.0,0.0,0.478713553878169,0.4472135954999579,0.25,0.6020797289396148,1.0
341,435.26666666666665,0.0,0.0,0.5333333333333333,0.3333333333333333,0.7333333333333333,0.8666666666666667,151.48807905323142,0.0,0.0,0.6399404734221844,0.4879500364742666,1.6242214252050848,0.7432233529572065,1.0
342,435.2,0.0,0.0,0.6666666666666666,0.3333333333333333,0.5333333333333333,0.5333333333333333,151.45164244735017,0.0,0.0,0.8997354108424374,0.6172133998483675,0.915475416434127,0.833809387832792,1.0
343,435.2,0.0,0.0,0.3333333333333333,0.2,0.0666666666666666,0.4,151.45164244735017,0.0,0.0,0.4879500364742666,0.4140393356054126,0.2581988897471611,0.632455532033676,1.0
344,435.2,0.0,0.0,0.8,0.7333333333333333,0.0,0.7333333333333333,151.45164244735017,0.0,0.0,0.8618916073713346,0.5936168397046637,0.0,0.5936168397046637,1.0
345,435.2,0.0,0.0,1.0666666666666669,0.9333333333333332,0.0,0.9333333333333332,151.45164244735017,0.0,0.0,1.2227992865708155,0.7037315505489968,0.0,0.7037315505489968,1.0
346,436.0,0.0,0.0,1.1333333333333333,0.4666666666666667,0.0,0.4666666666666667,150.4659429904322,0.0,0.0,0.990430401872025,0.5163977794943222,0.0,0.5163977794943222,1.0
347,435.53333333333336,0.0,0.0,0.3333333333333333,0.4,0.0,0.4,151.03399175902976,0.0,0.0,0.6172133998483675,0.50709255283711,0.0,0.50709255283711,1.0
348,435.2,0.0,0.0,0.7333333333333333,0.3333333333333333,0.0,0.3333333333333333,151.45164244735017,0.0,0.0,0.7988086367179803,0.4879500364742666,0.0,0.4879500364742666,1.0
349,435.2,0.0,0.0,0.1333333333333333,0.1333333333333333,0.0,0.1333333333333333,151.45164244735017,0.0,0.0,0.3518657752744983,0.3518657752744983,0.0,0.3518657752744983,1.0
350,435.2,0.0,0.0,0.0666666666666666,0.0666666666666666,0.0,0.0666666666666666,151.45164244735017,0.0,0.0,0.2581988897471611,0.2581988897471611,0.0,0.2581988897471611,1.0
351,436.4,0.0,0.0,0.0,0.0,0.0,0.0,151.53349464722314,0.0,0.0,0.0,0.0,0.0,0.0,1.0
352,436.8,0.0,0.0,0.0,0.0,0.0,0.0,152.47772671068105,0.0,0.0,0.0,0.0,0.0,0.0,1.0
353,435.53333333333336,0.0,0.0,0.0,0.0,0.0,0.0,151.93930492454012,0.0,0.0,0.0,0.0,0.0,0.0,1.0
354,435.8,0.0,0.0,0.0,0.0,0.0,0.0,151.795068619316,0.0,0.0,0.0,0.0,0.0,0.0,1.0
355,435.6,0.0,0.0,0.2666666666666666,0.0666666666666666,0.0,0.0666666666666666,151.6767238946984,0.0,0.0,0.4577377082170635,0.2581988897471611,0.0,0.2581988897471611,1.0
356,435.46666666666664,0.0,0.0,0.2,0.4666666666666667,0.0,0.4666666666666667,151.5999748712129,0.0,0.0,0.4140393356054126,0.5163977794943222,0.0,0.5163977794943222,1.0
357,435.3333333333333,0.0,0.0,0.2666666666666666,0.2,0.0,0.2,151.5249468695156,0.0,0.0,0.4577377082170635,0.4140393356054126,0.0,0.4140393356054126,1.0
358,435.2,0.0,0.0,0.4666666666666667,0.2666666666666666,0.0,0.2666666666666666,151.45164244735017,0.0,0.0,0.6399404734221844,0.4577377082170635,0.0,0.4577377082170635,1.0
359,435.8666666666667,0.0,0.0,1.2,0.8666666666666667,0.0,0.8666666666666667,151.23201978920935,0.0,0.0,0.9411239481143204,0.7432233529572065,0.0,0.7432233529572065,1.0
360,436.46666666666664,0.0,0.0,1.0,0.8,0.0,0.8,150.3039143424637,0.0,0.0,1.0690449676496976,0.4140393356054125,0.0,0.4140393356054125,1.0
361,436.6,0.0,0.0,0.6666666666666666,0.4,0.0,0.4,152.06756017357174,0.0,0.0,0.723746864455746,0.50709255283711,0.0,0.50709255283711,1.0
362,435.46666666666664,0.0,0.0,0.2,0.2666666666666666,0.0,0.2666666666666666,151.71913273577343,0.0,0.0,0.5606119105813882,0.4577377082170635,0.0,0.4577377082170635,1.0
363,435.2,0.0,0.0,0.4666666666666667,0.2666666666666666,0.0,0.2666666666666666,151.45164244735017,0.0,0.0,0.7432233529572067,0.4577377082170635,0.0,0.4577377082170635,1.0
364,435.2,0.0,0.0,1.0666666666666669,0.4666666666666667,0.0,0.4666666666666667,151.45164244735017,0.0,0.0,0.9611501047232548,0.6399404734221844,0.0,0.6399404734221844,1.0
365,435.2,0.0,0.0,0.3333333333333333,0.1333333333333333,0.0,0.1333333333333333,151.45164244735017,0.0,0.0,0.6172133998483675,0.3518657752744983,0.0,0.3518657752744983,1.0
366,435.2,0.0,0.0,0.0,0.0,0.0,0.0,151.45164244735017,0.0,0.0,0.0,0.0,0.0,0.0,1.0
367,436.0,0.0,0.0,0.0,0.0,0.0,0.0,151.9172707194845,0.0,0.0,0.0,0.0,0.0,0.0,1.0
368,435.73333333333335,0.0,0.0,0.0,0.0,0.0,0.0,151.75519132879143,0.0,0.0,0.0,0.0,0.0,0.0,1.0
369,435.4,0.0,0.0,0.0,0.0,0.5333333333333333,0.2666666666666666,151.56224558152428,0.0,0.0,0.0,0.0,1.355763710273747,0.4577377082170635,1.0
370,435.2,0.0,0.0,0.2,0.2666666666666666,0.3333333333333333,0.6666666666666666,151.45164244735017,0.0,0.0,0.4140393356054126,0.4577377082170635,0.6172133998483675,0.6172133998483675,1.0
371,435.2,0.0,0.0,0.2,0.1333333333333333,0.4666666666666667,0.4,151.45164244735017,0.0,0.0,0.4140393356054126,0.3518657752744983,0.915475416434127,0.632455532033676,1.0
372,435.6666666666667,0.0,0.0,0.1333333333333333,0.2666666666666666,0.0666666666666666,0.3333333333333333,152.1369996636803,0.0,0.0,0.3518657752744983,0.4577377082170635,0.2581988897471611,0.4879500364742666,1.0
373,436.8666666666667,0.0,0.0,0.4666666666666667,0.2666666666666666,0.0,0.2666666666666666,151.12949351309229,0.0,0.0,0.7432233529572067,0.4577377082170635,0.0,0.4577377082170635,1.0
374,436.53333333333336,0.0,0.0,0.8,0.7333333333333333,0.0,0.7333333333333333,152.0802732895017,0.0,0.0,0.8618916073713346,0.5936168397046637,0.0,0.5936168397046637,1.0
375,435.73333333333335,0.0,0.0,0.9333333333333332,0.7333333333333333,0.0,0.7333333333333333,151.8064870939629,0.0,0.0,1.162919151265879,0.4577377082170634,0.0,0.4577377082170634,1.0
376,426.25,0.0,0.0,0.6875,0.3125,0.0,0.3125,154.83345891634664,0.0,0.0,0.7932002689527196,0.478713553878169,0.0,0.478713553878169,1.0
377,438.1333333333333,0.0,0.0,0.6,0.4,0.0,0.4,152.23894126699398,0.0,0.0,1.055597325823495,0.632455532033676,0.0,0.632455532033676,1.0
378,437.53333333333336,0.0,0.0,0.3333333333333333,0.3333333333333333,0.0,0.3333333333333333,152.05115054136348,0.0,0.0,0.6172133998483675,0.4879500364742666,0.0,0.4879500364742666,1.0
379,436.3333333333333,0.0,0.0,0.7333333333333333,0.2666666666666666,0.0,0.2666666666666666,151.71856778101952,0.0,0.0,0.7037315505489967,0.4577377082170635,0.0,0.4577377082170635,1.0
380,436.4,0.0,0.0,0.1333333333333333,0.1333333333333333,0.0,0.1333333333333333,151.28015637976355,0.0,0.0,0.3518657752744983,0.3518657752744983,0.0,0.3518657752744983,1.0
381,430.07142857142856,0.0,0.0,0.2857142857142857,0.0714285714285714,0.0,0.0714285714285714,155.50734055674985,0.0,0.0,0.4688072309384954,0.2672612419124243,0.0,0.2672612419124243,1.0
382,435.3333333333333,0.0,0.0,0.3333333333333333,0.1333333333333333,0.0,0.1333333333333333,151.40422086335008,0.0,0.0,0.4879500364742666,0.3518657752744984,0.0,0.3518657752744984,1.0
383,440.0,0.0,0.0,0.25,0.125,0.0,0.125,147.5705481004481,0.0,0.0,0.4472135954999579,0.3415650255319866,0.0,0.3415650255319866,1.0
384,435.8,0.0,0.0,0.0,0.0,0.0,0.0,151.25201297361772,0.0,0.0,0.0,0.0,0.0,0.0,1.0
385,435.2,0.0,0.0,0.2,0.1333333333333333,0.0,0.1333333333333333,151.45164244735017,0.0,0.0,0.4140393356054126,0.3518657752744983,0.0,0.3518657752744983,1.0
386,435.2,0.0,0.0,0.4,0.4666666666666667,0.0,0.4666666666666667,151.45164244735017,0.0,0.0,0.632455532033676,0.5163977794943222,0.0,0.5163977794943222,1.0
387,435.2,0.0,0.0,0.2,0.2,0.0,0.2,151.45164244735017,0.0,0.0,0.5606119105813882,0.4140393356054126,0.0,0.4140393356054126,1.0
388,435.2,0.0,0.0,0.3333333333333333,0.4666666666666667,0.0,0.4666666666666667,151.45164244735017,0.0,0.0,0.6172133998483675,0.5163977794943222,0.0,0.5163977794943222,1.0
389,435.2,0.0,0.0,0.6,0.4,0.0,0.4,151.45164244735017,0.0,0.0,0.6324555320336759,0.50709255283711,0.0,0.50709255283711,1.0
390,435.2,0.0,0.0,0.5333333333333333,0.5333333333333333,0.0,0.5333333333333333,151.45164244735017,0.0,0.0,0.7432233529572067,0.5163977794943222,0.0,0.5163977794943222,1.0
391,435.4,0.0,0.0,0.3333333333333333,0.3333333333333333,0.0,0.3333333333333333,151.38116508620593,0.0,0.0,0.6172133998483675,0.4879500364742666,0.0,0.4879500364742666,1.0
392,448.57142857142856,0.0,0.0,0.3571428571428571,0.4285714285714285,0.0,0.4285714285714285,148.3233029493417,0.0,0.0,0.633323693776651,0.646206172658864,0.0,0.646206172658864,1.0
393,435.26666666666665,0.0,0.0,0.3333333333333333,0.2,0.0,0.2,151.42771338481072,0.0,0.0,0.6172133998483675,0.4140393356054126,0.0,0.4140393356054126,1.0
